accuracy,f1,roc_auc,precision_pos,recall_pos
0.5137223554489742,0.5386421090646443,0.653964712057618,0.40770303146270126,0.7934776826089269
